{
    "METADATA": {
        "generateur": "Systema Sentinela Native Core Engine",
        "type_plateforme": "AVION"
    },
    "METROLOGIE_TEMPS_ATOMIQUE": {
        "ISO_UTC": "2026-06-12 16:46:29",
        "JD_TAI": 2461204.199378691,
        "TT_Echelle_s": 212648042858.50293,
        "Dilatation_Lorentz_Gamma": 1.0000000000003353
    },
    "POSITION_GEOFENCING_MOBILE": {
        "latitude_deg": 43.2907,
        "longitude_deg": 5.3549,
        "altitude_coordonnee_m": 11500.0,
        "ecef_x_m": 4487400.0,
        "ecef_y_m": 421200.0,
        "ecef_z_m": 4352700.0
    },
    "THERMODYNAMIQUE_HABITACLE_SERRE": {
        "pression_effective_hPa": 820.0010617688885,
        "temperature_air_interieur_C": 21.5,
        "densite_air_locale_kg_m3": 0.9695058145815891,
        "indice_refraction_n_gladstone": 1.0002191083140954
    },
    "DATA_STREAMS": {
        "soleil": {
            "instant_present": {
                "azimut_vrai_deg": 279.35504026373957,
                "elevation_geometrique_deg": 24.656461283142644,
                "elevation_refractee_corrigee_deg": 24.684374277565095,
                "delta_refraction_deg": 0.02791299442245138,
                "distance_km": 151915742.9003193,
                "magnitude_visuelle_reelle": -26.74
            },
            "cinematique_instantanee": {
                "vitesse_angulaire_azimut_deg_s": 0.004166666666666667
            },
            "metrologie_evenementielle": {
                "jd_tt_transit_estime": 2461203.9237649683
            }
        },
        "lune": {
            "instant_present": {
                "azimut_vrai_deg": 99.35504026373957,
                "elevation_geometrique_deg": -24.656461283142644,
                "elevation_refractee_corrigee_deg": -24.656461283142644,
                "delta_refraction_deg": 0.0,
                "distance_km": 384400.0,
                "magnitude_visuelle_reelle": -12.74
            },
            "cinematique_instantanee": {
                "vitesse_angulaire_azimut_deg_s": 0.004166666666666667
            },
            "metrologie_evenementielle": {
                "jd_tt_transit_estime": 2461204.1997511913
            }
        }
    }
}
