{
    "METADATA": {
        "generateur": "SYSTEMA SENTINELA v7.9",
        "mode_environnement_execution": "AVION",
        "altitude_wgs84_m": 10600.0,
        "maree_solide_soustrait_m": 0.0,
        "modelisation_troposphere": "TROPO_STRATOSPHERE_MINIMALE",
        "indice_refraction_moyen": 1.0000241,
        "epoch_utc": "2026-06-14T13:22:59.039380+00:00",
        "synchronisation": "STRICT_EPHEMERIS_DE440"
    },
    "MATRICE_ECEF_REEL": {
        "X_mètres": -1476190.2508238188,
        "Y_mètres": 4414314.954903071,
        "Z_mètres": 4361521.850484026
    },
    "DATA_STREAMS": {
        "soleil": {
            "azimut_deg": 235.3860258989714,
            "elevation_deg": 60.671577061907676,
            "declinaison_deg": 23.257406301556816,
            "ascension_droite_deg": 82.52943446720782,
            "statut": "VERIFIED_JPL_DE440_MM_ACCURATE"
        },
        "lune": {
            "azimut_deg": 252.76303855217003,
            "elevation_deg": 56.911643362405265,
            "declinaison_deg": 27.126749454718848,
            "ascension_droite_deg": 72.66966018375656,
            "statut": "VERIFIED_JPL_DE440_MM_ACCURATE"
        },
        "mercure": {
            "azimut_deg": 178.2054557997049,
            "elevation_deg": 70.14168135082147,
            "declinaison_deg": 23.480882147031906,
            "ascension_droite_deg": 109.22575800944196,
            "statut": "VERIFIED_JPL_DE440_MM_ACCURATE"
        },
        "venus": {
            "azimut_deg": 144.96609179999834,
            "elevation_deg": 65.1922412091932,
            "declinaison_deg": 21.935586880048405,
            "ascension_droite_deg": 123.61360714696477,
            "statut": "VERIFIED_JPL_DE440_MM_ACCURATE"
        },
        "mars": {
            "azimut_deg": 263.42650414253353,
            "elevation_deg": 32.275123714652445,
            "declinaison_deg": 17.094541552266175,
            "ascension_droite_deg": 47.03830344161699,
            "statut": "VERIFIED_JPL_DE440_MM_ACCURATE"
        },
        "jupiter": {
            "azimut_deg": 156.39603447101572,
            "elevation_deg": 66.45218321280586,
            "declinaison_deg": 21.29393536019459,
            "ascension_droite_deg": 118.45292188893337,
            "statut": "VERIFIED_JPL_DE440_MM_ACCURATE"
        },
        "saturne": {
            "azimut_deg": 276.2762035527446,
            "elevation_deg": -2.1130322211799584,
            "declinaison_deg": 2.9649685931605467,
            "ascension_droite_deg": 12.772516303951214,
            "statut": "VERIFIED_JPL_DE440_MM_ACCURATE"
        },
        "uranus": {
            "azimut_deg": 256.1056459533479,
            "elevation_deg": 44.07732296849546,
            "declinaison_deg": 20.495778000171885,
            "ascension_droite_deg": 60.426234374300854,
            "statut": "VERIFIED_JPL_DE440_MM_ACCURATE"
        },
        "neptune": {
            "azimut_deg": 280.39055579806893,
            "elevation_deg": -10.184214580659296,
            "declinaison_deg": 0.3104336477497332,
            "ascension_droite_deg": 4.119361423053703,
            "statut": "VERIFIED_JPL_DE440_MM_ACCURATE"
        }
    }
}