{
    "METADATA": {
        "infrastructure": "SYSTEMA SENTINELA v9.3.5 — CLOUD-NATIVE",
        "mode_environnement_execution": "MARSEILLE_FIXE",
        "epoch_utc": "2026-06-19T11:39:31.156558Z",
        "equation_of_time_min": 0.7730693659835453,
        "eccentricity": 0.016697509316145654,
        "obliquity_deg": 23.43584957347898,
        "solar_longitude_deg": 87.84816071503438
    },
    "COUCHERS_LMT": {
        "soleil": "SYNCHRONIZED",
        "lune": "N/A",
        "mercure": "N/A",
        "venus": "N/A",
        "mars": "N/A",
        "jupiter": "N/A",
        "saturne": "N/A",
        "uranus": "N/A",
        "neptune": "N/A"
    },
    "MATRICE_ECEF_REEL": {
        "X_metres": 4630100.550294071,
        "Y_metres": 434290.5627017721,
        "Z_metres": 4350620.246416777
    },
    "DATA_STREAMS": {
        "soleil": {
            "azimut_deg": 179.7147501296802,
            "elevation_deg": 70.14064599787153,
            "distance_precision_m": 151996500903.18033
        },
        "lune": {
            "azimut_deg": 99.94200119951225,
            "elevation_deg": 27.414832749068182,
            "distance_precision_m": 370895619.6810487
        },
        "mercure": {
            "azimut_deg": 126.091342146833,
            "elevation_deg": 59.499992912674436,
            "distance_precision_m": 113928117314.36719
        },
        "venus": {
            "azimut_deg": 109.58374507068889,
            "elevation_deg": 48.295566835033895,
            "distance_precision_m": 168805820561.0784
        },
        "mars": {
            "azimut_deg": 242.78279123823722,
            "elevation_deg": 50.06336146474973,
            "distance_precision_m": 319986187631.1204
        },
        "jupiter": {
            "azimut_deg": 119.69765724016149,
            "elevation_deg": 55.343669528219614,
            "distance_precision_m": 917416003849.0183
        },
        "saturne": {
            "azimut_deg": 261.62578946089087,
            "elevation_deg": 13.423707649688598,
            "distance_precision_m": 1448781644047.3345
        },
        "uranus": {
            "azimut_deg": 233.21905952901963,
            "elevation_deg": 58.13727796775613,
            "distance_precision_m": 3048080133062.0786
        },
        "neptune": {
            "azimut_deg": 265.8404252730753,
            "elevation_deg": 5.096058109175298,
            "distance_precision_m": 4483674244574.379
        }
    }
}