{
    "METADATA": {
        "generateur": "Systema Sentinela Native Core Engine",
        "type_plateforme": "AVION"
    },
    "METROLOGIE_TEMPS_ATOMIQUE": {
        "ISO_UTC": "2026-06-12 13:55:25",
        "JD_TAI": 2461204.08058294,
        "TT_Echelle_s": 212648032594.55002,
        "Dilatation_Lorentz_Gamma": 1.0000000000003353
    },
    "POSITION_GEOFENCING_MOBILE": {
        "latitude_deg": 43.2907,
        "longitude_deg": 5.3549,
        "altitude_coordonnee_m": 11500.0,
        "ecef_x_m": 4487400.0,
        "ecef_y_m": 421200.0,
        "ecef_z_m": 4352700.0
    },
    "THERMODYNAMIQUE_HABITACLE_SERRE": {
        "pression_effective_hPa": 820.0010617688885,
        "temperature_air_interieur_C": 21.5,
        "densite_air_locale_kg_m3": 0.9695058145815891,
        "indice_refraction_n_gladstone": 1.0002191083140954
    },
    "DATA_STREAMS": {
        "soleil": {
            "instant_present": {
                "azimut_vrai_deg": 245.90888090810412,
                "elevation_geometrique_deg": 55.19821110481894,
                "elevation_refractee_corrigee_deg": 55.2071791202838,
                "delta_refraction_deg": 0.008968015464857383,
                "distance_km": 151913855.00247294,
                "magnitude_visuelle_reelle": -26.74
            },
            "cinematique_instantanee": {
                "vitesse_angulaire_azimut_deg_s": 0.004166666666666667
            },
            "metrologie_evenementielle": {
                "jd_tt_transit_estime": 2461203.8978752154
            }
        },
        "lune": {
            "instant_present": {
                "azimut_vrai_deg": 65.90888090810415,
                "elevation_geometrique_deg": -55.19821110481894,
                "elevation_refractee_corrigee_deg": -55.19821110481894,
                "delta_refraction_deg": 0.0,
                "distance_km": 384400.0,
                "magnitude_visuelle_reelle": -12.74
            },
            "cinematique_instantanee": {
                "vitesse_angulaire_azimut_deg_s": 0.004166666666666667
            },
            "metrologie_evenementielle": {
                "jd_tt_transit_estime": 2461204.08095544
            }
        }
    }
}
