{
    "METADATA": {
        "infrastructure": "SYSTEMA SENTINELA v8.5.2 — NOYAU TRIDIMENSIONNEL DET",
        "mode_environnement_execution": "MARSEILLE_FIXE",
        "epoch_utc": "2026-06-15T23:20:46.271493Z",
        "maree_solide_composante_xyz_m": [
            -0.10485838131951619,
            0.03376669189644353,
            -0.07503505569190036
        ],
        "norme_maree_mm": 133.288143498456,
        "horloge_einstein_delta_ns_s": -0.6966198464866862,
        "pression_base_hpa": 1013.25,
        "temperature_base_k": 288.15,
        "modelisation_troposphere": "SAASTAMOINEN + ZWD DYNAMIQUE",
        "synchronisation": "STRICT_EPHEMERIS_DE440"
    },
    "MATRICE_ECEF_REEL": {
        "X_mètres": 4630100.44543569,
        "Y_mètres": 434290.596468464,
        "Z_mètres": 4350620.171381721
    },
    "DATA_STREAMS": {
        "soleil": {
            "azimut_deg": 355.4029462869001,
            "elevation_deg": -23.245133192440225,
            "declinaison_deg": 23.319145534821637,
            "ascension_droite_deg": 84.00073330921262,
            "distance_precision_m": 151963477630.05862
        },
        "lune": {
            "azimut_deg": 343.1733588148592,
            "elevation_deg": -18.36102072978584,
            "declinaison_deg": 26.462695652980162,
            "ascension_droite_deg": 97.26021358358113,
            "distance_precision_m": 360154401.26013
        },
        "mercure": {
            "azimut_deg": 329.86349144407313,
            "elevation_deg": -17.72591897836937,
            "declinaison_deg": 23.0631109659605,
            "ascension_droite_deg": 110.70842136997035,
            "distance_precision_m": 122625412751.39597
        },
        "venus": {
            "azimut_deg": 316.73960648528384,
            "elevation_deg": -12.72383246752699,
            "declinaison_deg": 21.560085828296124,
            "ascension_droite_deg": 125.33518399553627,
            "distance_precision_m": 172585026540.32895
        },
        "mars": {
            "azimut_deg": 32.56320061315094,
            "elevation_deg": -22.762588159823263,
            "declinaison_deg": 17.385343220227277,
            "ascension_droite_deg": 48.07369928944509,
            "distance_precision_m": 321371675553.3116
        },
        "jupiter": {
            "azimut_deg": 322.0251169175758,
            "elevation_deg": -16.103928427824478,
            "declinaison_deg": 21.240209926043807,
            "ascension_droite_deg": 118.75591846147454,
            "distance_precision_m": 913031619303.4823
        },
        "saturne": {
            "azimut_deg": 71.2113622841303,
            "elevation_deg": -14.542597818586595,
            "declinaison_deg": 2.996011183780993,
            "ascension_droite_deg": 12.861497145736807,
            "distance_precision_m": 1457137472884.7622
        },
        "uranus": {
            "azimut_deg": 19.36380296305243,
            "elevation_deg": -23.80595379871964,
            "declinaison_deg": 20.511191943339114,
            "ascension_droite_deg": 60.508181413026435,
            "distance_precision_m": 3051655975428.533
        },
        "neptune": {
            "azimut_deg": 79.4856811017707,
            "elevation_deg": -10.301014061020382,
            "declinaison_deg": 0.3160204760318098,
            "ascension_droite_deg": 4.135484157439887,
            "distance_precision_m": 4492441402862.783
        }
    }
}