{
    "METADATA": {
        "infrastructure": "SYSTEMA SENTINELA v8.5.2 — NOYAU MOBILE COMPENSÉ",
        "mode_environnement_execution": "MARSEILLE_FIXE",
        "epoch_utc": "2026-06-15T13:38:44.633215+00:00",
        "maree_solide_composante_xyz_m": [
            -0.08977770984003591,
            0.04358133485458552,
            -0.05941729405040612
        ],
        "norme_maree_mm": 116.14553269110964,
        "horloge_einstein_delta_ns_s": -0.6966198440564246,
        "pression_base_hpa": 1013.25,
        "temperature_base_k": 288.15,
        "modelisation_troposphere": "SAASTAMOINEN + ZWD DYNAMIQUE",
        "synchronisation": "STRICT_EPHEMERIS_DE440"
    },
    "MATRICE_ECEF_REEL": {
        "X_mètres": 4630100.4605163615,
        "Y_mètres": 434290.60628310696,
        "Z_mètres": 4350620.186999483
    },
    "DATA_STREAMS": {
        "soleil": {
            "azimut_deg": 240.65113965213533,
            "elevation_deg": 58.30437747545408,
            "declinaison_deg": 23.303840048146217,
            "ascension_droite_deg": 83.57989262767859,
            "distance_precision_m": 151950035000.70267
        },
        "lune": {
            "azimut_deg": 237.60341889224173,
            "elevation_deg": 65.54565073427658,
            "declinaison_deg": 27.557680365638163,
            "ascension_droite_deg": 90.26068489438342,
            "distance_precision_m": 351737801.23367345
        },
        "mercure": {
            "azimut_deg": 188.49844350045043,
            "elevation_deg": 69.67856007218103,
            "declinaison_deg": 23.185563249402986,
            "ascension_droite_deg": 110.29964093255461,
            "distance_precision_m": 123661141413.88054
        },
        "venus": {
            "azimut_deg": 152.90701245559973,
            "elevation_deg": 66.34001678055598,
            "declinaison_deg": 21.669902856073872,
            "ascension_droite_deg": 124.84587925212877,
            "distance_precision_m": 173007817406.91364
        },
        "mars": {
            "azimut_deg": 266.6456323330972,
            "elevation_deg": 29.36712674106918,
            "declinaison_deg": 17.303122857062284,
            "ascension_droite_deg": 47.77701295360682,
            "distance_precision_m": 321521513161.83514
        },
        "jupiter": {
            "azimut_deg": 167.3456572865857,
            "elevation_deg": 67.48639116895066,
            "declinaison_deg": 21.255763957379976,
            "ascension_droite_deg": 118.66945541908362,
            "distance_precision_m": 912497488869.6586
        },
        "saturne": {
            "azimut_deg": 279.66749779280366,
            "elevation_deg": -5.610027739041819,
            "declinaison_deg": 2.9872686110965434,
            "ascension_droite_deg": 12.836101653720231,
            "distance_precision_m": 1458088332463.0557
        },
        "uranus": {
            "azimut_deg": 260.1286980504519,
            "elevation_deg": 40.610477584802986,
            "declinaison_deg": 20.506856351087137,
            "ascension_droite_deg": 60.48482885950116,
            "distance_precision_m": 3052030338635.6714
        },
        "neptune": {
            "azimut_deg": 283.9308574197606,
            "elevation_deg": -13.685548654398657,
            "declinaison_deg": 0.3144690226394087,
            "ascension_droite_deg": 4.130892562872436,
            "distance_precision_m": 4493445598543.634
        }
    }
}