{
    "METADATA": {
        "infrastructure": "SYSTEMA SENTINELA v8.3.5 — REPERE RE-ALIGNE",
        "mode_environnement_execution": "MARSEILLE_FIXE",
        "epoch_utc": "2026-06-15T10:16:31.288790+00:00",
        "maree_solide_composante_xyz_m": [
            -0.08345417496019579,
            0.0468622911154576,
            -0.053502363394238125
        ],
        "norme_maree_mm": 109.6502464002976,
        "horloge_einstein_delta_ns_s": -0.6966198430910518,
        "pression_base_hpa": 1013.25,
        "temperature_base_k": 288.15,
        "modelisation_troposphere": "SAASTAMOINEN + ZWD DYNAMIQUE",
        "synchronisation": "STRICT_EPHEMERIS_DE440"
    },
    "MATRICE_ECEF_REEL": {
        "X_mètres": 4630100.4668398965,
        "Y_mètres": 434290.6095640632,
        "Z_mètres": 4350620.192914414
    },
    "DATA_STREAMS": {
        "soleil": {
            "azimut_deg": 132.93590741501583,
            "elevation_deg": 63.76637517661972,
            "declinaison_deg": 23.297836941216747,
            "ascension_droite_deg": 83.43555389932736,
            "distance_precision_m": 151947799410.9087
        },
        "lune": {
            "azimut_deg": 118.5463342964188,
            "elevation_deg": 64.01354954600532,
            "declinaison_deg": 27.632332985348807,
            "ascension_droite_deg": 88.53859419215011,
            "distance_precision_m": 351663991.80854756
        },
        "mercure": {
            "azimut_deg": 101.73903765563618,
            "elevation_deg": 46.32224147651314,
            "declinaison_deg": 23.226920603949797,
            "ascension_droite_deg": 110.15640739876272,
            "distance_precision_m": 124027089750.53105
        },
        "venus": {
            "azimut_deg": 92.25872175207232,
            "elevation_deg": 34.87785750212051,
            "declinaison_deg": 21.70707912425007,
            "ascension_droite_deg": 124.67616615628872,
            "distance_precision_m": 173159235392.18695
        },
        "mars": {
            "azimut_deg": 211.06595147469972,
            "elevation_deg": 61.08356325790906,
            "declinaison_deg": 17.274450817636808,
            "ascension_droite_deg": 47.67495776894401,
            "distance_precision_m": 321572911715.78357
        },
        "jupiter": {
            "azimut_deg": 97.08911038583734,
            "elevation_deg": 38.98377583290244,
            "declinaison_deg": 21.26103014969224,
            "ascension_droite_deg": 118.63952436674512,
            "distance_precision_m": 912315441964.5668
        },
        "saturne": {
            "azimut_deg": 242.40582500656592,
            "elevation_deg": 30.285657222279884,
            "declinaison_deg": 2.984213477260521,
            "ascension_droite_deg": 12.827438917632596,
            "distance_precision_m": 1458414722699.5518
        },
        "uranus": {
            "azimut_deg": 185.66309234295582,
            "elevation_deg": 67.21122647599532,
            "declinaison_deg": 20.50531690468055,
            "ascension_droite_deg": 60.47680224792573,
            "distance_precision_m": 3052159588509.0454
        },
        "neptune": {
            "azimut_deg": 247.73469804043992,
            "elevation_deg": 22.54016178239307,
            "declinaison_deg": 0.31392182626817194,
            "ascension_droite_deg": 4.129380190973798,
            "distance_precision_m": 4493790140814.593
        }
    }
}