{
    "METADATA": {
        "infrastructure": "SYSTEMA SENTINELA v9.3.5 — CLOUD-NATIVE",
        "mode_environnement_execution": "MARSEILLE_FIXE",
        "epoch_utc": "2026-06-19T13:02:34.114350Z",
        "equation_of_time_min": 0.7533272729085638,
        "eccentricity": 0.01669750924976906,
        "obliquity_deg": 23.43584955294535,
        "solar_longitude_deg": 87.90322598599663
    },
    "COUCHERS_LMT": {
        "soleil": "SYNCHRONIZED",
        "lune": "N/A",
        "mercure": "N/A",
        "venus": "N/A",
        "mars": "N/A",
        "jupiter": "N/A",
        "saturne": "N/A",
        "uranus": "N/A",
        "neptune": "N/A"
    },
    "MATRICE_ECEF_REEL": {
        "X_metres": 4630100.550294071,
        "Y_metres": 434290.5627017721,
        "Z_metres": 4350620.246416777
    },
    "DATA_STREAMS": {
        "soleil": {
            "azimut_deg": 227.24236552330024,
            "elevation_deg": 63.8446704998892,
            "distance_precision_m": 151997370013.06677
        },
        "lune": {
            "azimut_deg": 117.37413059685305,
            "elevation_deg": 41.13202153276391,
            "distance_precision_m": 369996387.1180973
        },
        "mercure": {
            "azimut_deg": 166.29510652271554,
            "elevation_deg": 68.12844291704437,
            "distance_precision_m": 113791161072.8531
        },
        "venus": {
            "azimut_deg": 135.42828862596872,
            "elevation_deg": 61.073894637280496,
            "distance_precision_m": 168742541694.21008
        },
        "mars": {
            "azimut_deg": 261.44979102575786,
            "elevation_deg": 35.696235038414045,
            "distance_precision_m": 319964329025.8365
        },
        "jupiter": {
            "azimut_deg": 153.79769436389319,
            "elevation_deg": 65.88042498000594,
            "distance_precision_m": 917484740751.2277
        },
        "saturne": {
            "azimut_deg": 276.01408932926444,
            "elevation_deg": -1.6860752147878844,
            "distance_precision_m": 1448645079884.3135
        },
        "uranus": {
            "azimut_deg": 255.75313864000918,
            "elevation_deg": 44.4486748041038,
            "distance_precision_m": 3048018754979.5156
        },
        "neptune": {
            "azimut_deg": 280.2322516307029,
            "elevation_deg": -9.998559502462697,
            "distance_precision_m": 4483531470356.731
        }
    }
}