{
    "METADATA": {
        "infrastructure": "SYSTEMA SENTINELA v8.5.2 — NOYAU TRIDIMENSIONNEL DET",
        "mode_environnement_execution": "MARSEILLE_FIXE",
        "epoch_utc": "2026-06-15T18:16:38.252966Z",
        "maree_solide_composante_xyz_m": [
            -0.09758254808737196,
            0.0389454899305248,
            -0.06716342661738192
        ],
        "norme_maree_mm": 124.69976243819119,
        "horloge_einstein_delta_ns_s": -0.696619845285669,
        "pression_base_hpa": 1013.25,
        "temperature_base_k": 288.15,
        "modelisation_troposphere": "SAASTAMOINEN + ZWD DYNAMIQUE",
        "synchronisation": "STRICT_EPHEMERIS_DE440"
    },
    "MATRICE_ECEF_REEL": {
        "X_mètres": 4630100.4527115235,
        "Y_mètres": 434290.601647262,
        "Z_mètres": 4350620.179253351
    },
    "DATA_STREAMS": {
        "soleil": {
            "azimut_deg": 293.3377254006071,
            "elevation_deg": 9.35797303196358,
            "declinaison_deg": 23.31120509181882,
            "ascension_droite_deg": 83.7794948313974,
            "distance_precision_m": 151957069567.0326
        },
        "lune": {
            "azimut_deg": 290.44333232007887,
            "elevation_deg": 18.119419870382192,
            "declinaison_deg": 27.06304511986872,
            "ascension_droite_deg": 93.0685808669047,
            "distance_precision_m": 355786704.6595431
        },
        "mercure": {
            "azimut_deg": 276.3308920150254,
            "elevation_deg": 27.921245097900304,
            "declinaison_deg": 23.12745467086921,
            "ascension_droite_deg": 110.49463049623851,
            "distance_precision_m": 123164782089.69496
        },
        "venus": {
            "azimut_deg": 264.9443403892055,
            "elevation_deg": 37.5563405992188,
            "declinaison_deg": 21.617866837193116,
            "ascension_droite_deg": 125.07864449807273,
            "distance_precision_m": 172804549972.79343
        },
        "mars": {
            "azimut_deg": 315.4861877570166,
            "elevation_deg": -16.730418718980246,
            "declinaison_deg": 17.34231991628249,
            "ascension_droite_deg": 47.918207919223306,
            "distance_precision_m": 321452347726.3989
        },
        "jupiter": {
            "azimut_deg": 269.14016801571324,
            "elevation_deg": 32.70735288789199,
            "declinaison_deg": 21.248390334274188,
            "ascension_droite_deg": 118.71053856275493,
            "distance_precision_m": 912751840771.6445
        },
        "saturne": {
            "azimut_deg": 346.8500457839381,
            "elevation_deg": -42.7751088392325,
            "declinaison_deg": 2.9914478409158463,
            "ascension_droite_deg": 12.848190570205066,
            "distance_precision_m": 1457637834838.2454
        },
        "uranus": {
            "azimut_deg": 307.40098990822156,
            "elevation_deg": -7.291102254148442,
            "declinaison_deg": 20.508928633297224,
            "ascension_droite_deg": 60.49590244248186,
            "distance_precision_m": 3051854109669.4897
        },
        "neptune": {
            "azimut_deg": 358.6831167924877,
            "elevation_deg": -46.24498654298229,
            "declinaison_deg": 0.31521370517814373,
            "ascension_droite_deg": 4.133049921567138,
            "distance_precision_m": 4492969559345.178
        }
    }
}