{
    "METADATA": {
        "infrastructure": "SYSTEMA SENTINELA v8.7.0 — OPERATIONAL",
        "mode_environnement_execution": "MARSEILLE_FIXE",
        "epoch_utc": "2026-06-18T09:07:17.755272Z",
        "equation_of_time_min": 1.150890104547475,
        "eccentricity": 0.01669751058871948,
        "obliquity_deg": 23.435849967150332,
        "solar_longitude_deg": 86.79230932334063
    },
    "COUCHERS_LMT": {
        "soleil": "19:42:59",
        "lune": "N/A",
        "mercure": "N/A",
        "venus": "N/A",
        "mars": "N/A",
        "jupiter": "N/A",
        "saturne": "N/A",
        "uranus": "N/A",
        "neptune": "N/A"
    },
    "MATRICE_ECEF_REEL": {
        "X_mètres": 4630100.550294071,
        "Y_mètres": 434290.5627017721,
        "Z_mètres": 4350620.246416777
    },
    "DATA_STREAMS": {
        "soleil": {
            "azimut_deg": 109.9848232985342,
            "elevation_deg": 52.94593474214787,
            "distance_precision_m": 151985479326.07965
        },
        "lune": {
            "azimut_deg": 78.25050289683696,
            "elevation_deg": 13.866907063262,
            "distance_precision_m": 365912515.8717535
        },
        "mercure": {
            "azimut_deg": 89.81544777926297,
            "elevation_deg": 33.346415188039664,
            "distance_precision_m": 116587618429.01003
        },
        "venus": {
            "azimut_deg": 81.04000552748464,
            "elevation_deg": 21.326381349641675,
            "distance_precision_m": 170002522971.41675
        },
        "mars": {
            "azimut_deg": 176.87929087545427,
            "elevation_deg": 64.65214423684166,
            "distance_precision_m": 320424303455.811
        },
        "jupiter": {
            "azimut_deg": 86.62379522038691,
            "elevation_deg": 27.98802032894181,
            "distance_precision_m": 916071948056.3584
        },
        "saturne": {
            "azimut_deg": 228.24559348116912,
            "elevation_deg": 39.0637319520377,
            "distance_precision_m": 1451422743743.3037
        },
        "uranus": {
            "azimut_deg": 151.87888544810323,
            "elevation_deg": 65.12994774110149,
            "distance_precision_m": 3049251372141.5884
        },
        "neptune": {
            "azimut_deg": 235.24683167265096,
            "elevation_deg": 31.773777595997753,
            "distance_precision_m": 4486437954644.161
        }
    }
}