{
    "METADATA": {
        "infrastructure": "SYSTEMA SENTINELA v8.5.2 — NOYAU TRIDIMENSIONNEL DET",
        "mode_environnement_execution": "MARSEILLE_FIXE",
        "epoch_utc": "2026-06-15T21:28:06.705139Z",
        "maree_solide_composante_xyz_m": [
            -0.10232333285690637,
            0.03569322171078708,
            -0.07219980871712338
        ],
        "norme_maree_mm": 130.2185966052079,
        "horloge_einstein_delta_ns_s": -0.6966198460603839,
        "pression_base_hpa": 1013.25,
        "temperature_base_k": 288.15,
        "modelisation_troposphere": "SAASTAMOINEN + ZWD DYNAMIQUE",
        "synchronisation": "STRICT_EPHEMERIS_DE440"
    },
    "MATRICE_ECEF_REEL": {
        "X_mètres": 4630100.447970739,
        "Y_mètres": 434290.5983949938,
        "Z_mètres": 4350620.174216969
    },
    "DATA_STREAMS": {
        "soleil": {
            "azimut_deg": 328.716949956795,
            "elevation_deg": -16.890746538334337,
            "declinaison_deg": 23.316136335198895,
            "ascension_droite_deg": 83.91852883283546,
            "distance_precision_m": 151961762126.24942
        },
        "lune": {
            "azimut_deg": 320.670731586883,
            "elevation_deg": -9.035244788291692,
            "declinaison_deg": 26.655981412434976,
            "ascension_droite_deg": 95.59651108762885,
            "distance_precision_m": 358994688.5037393
        },
        "mercure": {
            "azimut_deg": 307.3719067974108,
            "elevation_deg": -4.131868155546208,
            "declinaison_deg": 23.086927860888085,
            "ascension_droite_deg": 110.6291511647999,
            "distance_precision_m": 122825283498.95308
        },
        "venus": {
            "azimut_deg": 296.2853537501394,
            "elevation_deg": 3.744436144786715,
            "declinaison_deg": 21.581522842666143,
            "ascension_droite_deg": 125.23986174573464,
            "distance_precision_m": 172666510395.3866
        },
        "mars": {
            "azimut_deg": 3.465407054421217,
            "elevation_deg": -29.17619717054329,
            "declinaison_deg": 17.369372499109193,
            "ascension_droite_deg": 48.01607440695834,
            "distance_precision_m": 321402456109.56085
        },
        "jupiter": {
            "azimut_deg": 300.45959001563944,
            "elevation_deg": -0.6526230257568535,
            "declinaison_deg": 21.243240932134693,
            "ascension_droite_deg": 118.7390408276471,
            "distance_precision_m": 912928355700.3188
        },
        "saturne": {
            "azimut_deg": 47.06224423465685,
            "elevation_deg": -32.16658958377514,
            "declinaison_deg": 2.9943216985213215,
            "ascension_droite_deg": 12.856582900063433,
            "distance_precision_m": 1457323668692.9011
        },
        "uranus": {
            "azimut_deg": 350.3154490391574,
            "elevation_deg": -25.557099990114544,
            "declinaison_deg": 20.510349238367606,
            "ascension_droite_deg": 60.503616048602865,
            "distance_precision_m": 3051730396269.817
        },
        "neptune": {
            "azimut_deg": 57.16015520549112,
            "elevation_deg": -29.346628806606205,
            "declinaison_deg": 0.3157225540776807,
            "ascension_droite_deg": 4.134582890494765,
            "distance_precision_m": 4492637785060.216
        }
    }
}