{
    "METADATA": {
        "infrastructure": "SYSTEMA SENTINELA v8.9.0 — AIR-GAPPED",
        "mode_environnement_execution": "MARSEILLE_FIXE",
        "epoch_utc": "2026-06-18T10:59:53.990870Z",
        "equation_of_time_min": 1.1242186418566824,
        "eccentricity": 0.01669751049872155,
        "obliquity_deg": 23.435849939309428,
        "solar_longitude_deg": 86.86698902774887
    },
    "COUCHERS_LMT": {
        "soleil": "SYNCHRONIZED",
        "lune": "N/A",
        "mercure": "N/A",
        "venus": "N/A",
        "mars": "N/A",
        "jupiter": "N/A",
        "saturne": "N/A",
        "uranus": "N/A",
        "neptune": "N/A"
    },
    "MATRICE_ECEF_REEL": {
        "X_mètres": 4630100.550294071,
        "Y_mètres": 434290.5627017721,
        "Z_mètres": 4350620.246416777
    },
    "DATA_STREAMS": {
        "soleil": {
            "azimut_deg": 154.3602784846776,
            "elevation_deg": 68.49312370330514,
            "distance_precision_m": 151985511124.1203
        },
        "lune": {
            "azimut_deg": 97.0071935690981,
            "elevation_deg": 33.37685119723979,
            "distance_precision_m": 364366652.1690924
        },
        "mercure": {
            "azimut_deg": 113.25109510893151,
            "elevation_deg": 53.34228444817853,
            "distance_precision_m": 116395616539.38892
        },
        "venus": {
            "azimut_deg": 100.75540218954654,
            "elevation_deg": 41.692450302664525,
            "distance_precision_m": 169916337132.0677
        },
        "mars": {
            "azimut_deg": 230.14905611126878,
            "elevation_deg": 56.0834110355444,
            "distance_precision_m": 320393887066.0243
        },
        "jupiter": {
            "azimut_deg": 108.28006911663269,
            "elevation_deg": 48.258306419046995,
            "distance_precision_m": 916166479899.5891
        },
        "saturne": {
            "azimut_deg": 253.62708349162082,
            "elevation_deg": 21.125352980157455,
            "distance_precision_m": 1451237927070.5554
        },
        "uranus": {
            "azimut_deg": 215.57598652627314,
            "elevation_deg": 63.681180342124605,
            "distance_precision_m": 3049170049495.9004
        },
        "neptune": {
            "azimut_deg": 258.1719112896177,
            "elevation_deg": 12.951859209281613,
            "distance_precision_m": 4486244428290.521
        }
    }
}